"Sandbox-Voyager746","7CE73uLPTumHzXArk+N2Pw=="
"Sandbox-Voyager747","7CE73uLPTumHzXArk+N2Pw=="
"Sandbox-Voyager748","7CE73uLPTumHzXArk+N2Pw=="
"Sandbox-Voyager749","7CE73uLPTumHzXArk+N2Pw=="
"Sandbox-Voyager750","7CE73uLPTumHzXArk+N2Pw=="
"Sandbox-Voyager751","7CE73uLPTumHzXArk+N2Pw=="
"Sandbox-Voyager752","7CE73uLPTumHzXArk+N2Pw=="
"Sandbox-Voyager753","7CE73uLPTumHzXArk+N2Pw=="
"Sandbox-Voyager754","7CE73uLPTumHzXArk+N2Pw=="
"Sandbox-Voyager755","7CE73uLPTumHzXArk+N2Pw=="
"Sandbox-Voyager756","7CE73uLPTumHzXArk+N2Pw=="
"Sandbox-Voyager757","7CE73uLPTumHzXArk+N2Pw=="
"Sandbox-Voyager758","7CE73uLPTumHzXArk+N2Pw=="
"Sandbox-Voyager759","7CE73uLPTumHzXArk+N2Pw=="
"Sandbox-Voyager760","7CE73uLPTumHzXArk+N2Pw=="
"Sandbox-Voyager761","7CE73uLPTumHzXArk+N2Pw=="
"Sandbox-Voyager762","7CE73uLPTumHzXArk+N2Pw=="
"Sandbox-Voyager763","7CE73uLPTumHzXArk+N2Pw=="
"Sandbox-Voyager764","7CE73uLPTumHzXArk+N2Pw=="
"Sandbox-Voyager765","7CE73uLPTumHzXArk+N2Pw=="
"Sandbox-Voyager766","7CE73uLPTumHzXArk+N2Pw=="
"Sandbox-Voyager767","7CE73uLPTumHzXArk+N2Pw=="
"Sandbox-Voyager768","7CE73uLPTumHzXArk+N2Pw=="
"Sandbox-Voyager769","7CE73uLPTumHzXArk+N2Pw=="
"Sandbox-Voyager770","7CE73uLPTumHzXArk+N2Pw=="
"Sandbox-Voyager771","7CE73uLPTumHzXArk+N2Pw=="
"Sandbox-Voyager772","7CE73uLPTumHzXArk+N2Pw=="
"Sandbox-Voyager773","7CE73uLPTumHzXArk+N2Pw=="
"Sandbox-Voyager774","7CE73uLPTumHzXArk+N2Pw=="
"Sandbox-Voyager775","7CE73uLPTumHzXArk+N2Pw=="
"Sandbox-Voyager776","7CE73uLPTumHzXArk+N2Pw=="
"Sandbox-Voyager777","7CE73uLPTumHzXArk+N2Pw=="
"Sandbox-Voyager778","7CE73uLPTumHzXArk+N2Pw=="
"Sandbox-Voyager779","7CE73uLPTumHzXArk+N2Pw=="
"Sandbox-Voyager780","7CE73uLPTumHzXArk+N2Pw=="
"Sandbox-Voyager781","7CE73uLPTumHzXArk+N2Pw=="
"Sandbox-Voyager782","7CE73uLPTumHzXArk+N2Pw=="
"Sandbox-Voyager783","7CE73uLPTumHzXArk+N2Pw=="
"Sandbox-Voyager784","7CE73uLPTumHzXArk+N2Pw=="
"Sandbox-Voyager785","7CE73uLPTumHzXArk+N2Pw=="
"Sandbox-Voyager786","7CE73uLPTumHzXArk+N2Pw=="
"Sandbox-Voyager787","7CE73uLPTumHzXArk+N2Pw=="
"Sandbox-Voyager788","7CE73uLPTumHzXArk+N2Pw=="
"Sandbox-Voyager789","7CE73uLPTumHzXArk+N2Pw=="
"Sandbox-Voyager790","7CE73uLPTumHzXArk+N2Pw=="
"Sandbox-Voyager791","7CE73uLPTumHzXArk+N2Pw=="
"Sandbox-Voyager792","7CE73uLPTumHzXArk+N2Pw=="
"Sandbox-Voyager793","7CE73uLPTumHzXArk+N2Pw=="
"Sandbox-Voyager794","7CE73uLPTumHzXArk+N2Pw=="
"Sandbox-Voyager795","7CE73uLPTumHzXArk+N2Pw=="
"Sandbox-Voyager796","7CE73uLPTumHzXArk+N2Pw=="
"Sandbox-Voyager797","7CE73uLPTumHzXArk+N2Pw=="
"Sandbox-Voyager798","7CE73uLPTumHzXArk+N2Pw=="
"Sandbox-Voyager799","7CE73uLPTumHzXArk+N2Pw=="
"Sandbox-Voyager800","7CE73uLPTumHzXArk+N2Pw=="
"Sandbox-Voyager801","7CE73uLPTumHzXArk+N2Pw=="
"Sandbox-Voyager802","7CE73uLPTumHzXArk+N2Pw=="
"Sandbox-Voyager803","7CE73uLPTumHzXArk+N2Pw=="
"Sandbox-Voyager804","7CE73uLPTumHzXArk+N2Pw=="
"Sandbox-Voyager805","7CE73uLPTumHzXArk+N2Pw=="
"Sandbox-Voyager806","7CE73uLPTumHzXArk+N2Pw=="
"Sandbox-Voyager807","7CE73uLPTumHzXArk+N2Pw=="
"Sandbox-Voyager808","7CE73uLPTumHzXArk+N2Pw=="
"Sandbox-Voyager809","7CE73uLPTumHzXArk+N2Pw=="
"Sandbox-Voyager810","7CE73uLPTumHzXArk+N2Pw=="
"Sandbox-Voyager811","7CE73uLPTumHzXArk+N2Pw=="
"Sandbox-Voyager812","7CE73uLPTumHzXArk+N2Pw=="
"Sandbox-Voyager813","7CE73uLPTumHzXArk+N2Pw=="
"Sandbox-Voyager814","7CE73uLPTumHzXArk+N2Pw=="
"Sandbox-Voyager815","7CE73uLPTumHzXArk+N2Pw=="
"Sandbox-Voyager816","7CE73uLPTumHzXArk+N2Pw=="
"Sandbox-Voyager817","7CE73uLPTumHzXArk+N2Pw=="
"Sandbox-Voyager818","7CE73uLPTumHzXArk+N2Pw=="
"Sandbox-Voyager819","7CE73uLPTumHzXArk+N2Pw=="
"Sandbox-Voyager820","7CE73uLPTumHzXArk+N2Pw=="
"Sandbox-Voyager821","7CE73uLPTumHzXArk+N2Pw=="
"Sandbox-Voyager822","7CE73uLPTumHzXArk+N2Pw=="
"Sandbox-Voyager823","7CE73uLPTumHzXArk+N2Pw=="
"Sandbox-Voyager824","7CE73uLPTumHzXArk+N2Pw=="
"Sandbox-Voyager825","7CE73uLPTumHzXArk+N2Pw=="
"Sandbox-Voyager826","7CE73uLPTumHzXArk+N2Pw=="
"Sandbox-Voyager827","7CE73uLPTumHzXArk+N2Pw=="
"Sandbox-Voyager828","7CE73uLPTumHzXArk+N2Pw=="
"Sandbox-Voyager829","7CE73uLPTumHzXArk+N2Pw=="
"Sandbox-Voyager830","7CE73uLPTumHzXArk+N2Pw=="
"Sandbox-Voyager831","7CE73uLPTumHzXArk+N2Pw=="
"Sandbox-Voyager832","7CE73uLPTumHzXArk+N2Pw=="
"Sandbox-Voyager833","7CE73uLPTumHzXArk+N2Pw=="
"Sandbox-Voyager834","7CE73uLPTumHzXArk+N2Pw=="
"Sandbox-Voyager835","7CE73uLPTumHzXArk+N2Pw=="
"Sandbox-Voyager836","7CE73uLPTumHzXArk+N2Pw=="
"Sandbox-Voyager837","7CE73uLPTumHzXArk+N2Pw=="
"Sandbox-Voyager838","7CE73uLPTumHzXArk+N2Pw=="
"Sandbox-Voyager839","7CE73uLPTumHzXArk+N2Pw=="
"Sandbox-Voyager840","7CE73uLPTumHzXArk+N2Pw=="
"Sandbox-Voyager841","7CE73uLPTumHzXArk+N2Pw=="
"Sandbox-Voyager842","7CE73uLPTumHzXArk+N2Pw=="
"Sandbox-Voyager843","7CE73uLPTumHzXArk+N2Pw=="
"Sandbox-Voyager844","7CE73uLPTumHzXArk+N2Pw=="
"Sandbox-Voyager845","7CE73uLPTumHzXArk+N2Pw=="
